[{"model": "label.artistlabel", "pk": 1, "fields": {"name": "Sasso", "labeled": true, "picture": "sasso-69-lyon_swnIx2l.jpg", "text": "Ce rappeur a commencé très jeune à manier la plume. En duo avec un autre rappeur il commencera à ce faire un petit nom.\r\nC'est un artiste très motivé et très investi, ce qui n'était pas pour déplaire José Records qui l'a recruté pour une durée d'un an en tant qu'artiste avec la clé la production d'un EP qui a obtenu plus de 26 000 streams à ce jour. \r\nCe qui est dur à accepter mais qu'il faut tout de même reconnaître c'est que, quand bien même le transit d'un an auprès de José Records a permis d'étendre sa visibilité, ce n'est qu'après qu'il connaîtra le succès qu'il a aujourd'hui. De #Jesuipassédansle69 jusqu'à \"Je picole\" ce rappeur n'a rien à envier aux autres. Percer aussi jeune, dans une ville qui manque de grosse têtes est un exploit et on ne lui souhaite que le meilleur pour la suite !"}}, {"model": "label.artistlabel", "pk": 2, "fields": {"name": "LD2J", "labeled": true, "picture": "ld2j_lp3xxG9.jpg", "text": "Sa description ne sera pas aussi longue que celle des autres car déjà détaillée dans un onglet dédié à son parcours. Car oui en plus d'être un membre très actif de José Records, LD2J en était le fondateur et le directeur."}}, {"model": "label.artistlabel", "pk": 3, "fields": {"name": "Youken", "labeled": false, "picture": "youken_CXE5Grx.jpg", "text": "Youken quant à lui a su se construire un nom différemment des autres. En plus d'avoir produit 1 album, il s'est plusieurs fois produit en live même à l'étranger. Cet artiste a un bon début on n'attend que de laisser quelques années passer et de voir sa notoriété décoller !"}}, {"model": "label.prodtype", "pk": 1, "fields": {"name": "Afro", "exemple": "webiste_afro.mp3"}}, {"model": "label.prodtype", "pk": 2, "fields": {"name": "House", "exemple": "webiste_house.mp3"}}, {"model": "label.prodtype", "pk": 3, "fields": {"name": "Dancehall", "exemple": "webiste_dancehall.mp3"}}, {"model": "label.prodtype", "pk": 4, "fields": {"name": "Trap", "exemple": "webiste_trap.mp3"}}, {"model": "label.prodtype", "pk": 5, "fields": {"name": "Drill", "exemple": "webiste_drill.mp3"}}, {"model": "label.prodbeat", "pk": 1, "fields": {"name": "Haut la main", "reference": "AX12", "music": "Afro_X12_Yx3IKGQ.mp3", "genre": 1}}, {"model": "label.prodbeat", "pk": 2, "fields": {"name": "C'est Faux", "reference": "AX11", "music": "Afro_X11_o7jw5fg.mp3", "genre": 1}}, {"model": "label.prodbeat", "pk": 3, "fields": {"name": "Regrets", "reference": "AF7", "music": "Afro_X7_XQ5acGI.mp3", "genre": 1}}, {"model": "label.prodbeat", "pk": 4, "fields": {"name": "Et je l'adore", "reference": "AX4", "music": "Afro_X4_8wvwOPo.mp3", "genre": 1}}, {"model": "label.prodbeat", "pk": 5, "fields": {"name": "Et je l'adore (Seben)", "reference": "AXG4", "music": "Afro_X4_Seben_New_Drums_V2_ok00afG.mp3", "genre": 1}}, {"model": "label.prodbeat", "pk": 6, "fields": {"name": "Mission", "reference": "AX6", "music": "Afro_X6.mp3", "genre": 1}}, {"model": "label.prodbeat", "pk": 7, "fields": {"name": "La comptine", "reference": "AF9", "music": "Afro_X9_QaOSqPp.mp3", "genre": 1}}, {"model": "label.prodbeat", "pk": 8, "fields": {"name": "Bomberman", "reference": "DRX2", "music": "Bomberman_wwlnwsb.mp3", "genre": 5}}, {"model": "label.prodbeat", "pk": 9, "fields": {"name": "Système", "reference": "DRX1", "music": "Drill_X1_8oljOxR.mp3", "genre": 5}}, {"model": "label.prodbeat", "pk": 10, "fields": {"name": "Megaman", "reference": "GX2", "music": "GX_2_qaj3oCa.mp3", "genre": 2}}, {"model": "label.prodbeat", "pk": 11, "fields": {"name": "Tourments", "reference": "HX5", "music": "House_X5_4vM4veT.mp3", "genre": 2}}, {"model": "label.prodbeat", "pk": 12, "fields": {"name": "Corona", "reference": "HX3", "music": "House_X3_xx2RP6G.mp3", "genre": 2}}, {"model": "label.prodbeat", "pk": 13, "fields": {"name": "Do Ré Mi", "reference": "HX1", "music": "House_X1_V2_gRARL5Z.mp3", "genre": 2}}, {"model": "label.prodbeat", "pk": 14, "fields": {"name": "Ma Latina", "reference": "DHX1", "music": "LD2J_-_Ma_Latina_XLUpdJS.mp3", "genre": 3}}, {"model": "label.prodbeat", "pk": 15, "fields": {"name": "On ira mieux", "reference": "TRX2", "music": "Trap_X2_sOVrF41.mp3", "genre": 4}}, {"model": "label.prodbeat", "pk": 16, "fields": {"name": "Baba is You", "reference": "TRX3", "music": "Trap_X3_hBMYTW2.mp3", "genre": 4}}, {"model": "label.ld2jcontributor", "pk": 1, "fields": {"name": "Gengouzz"}}, {"model": "label.ld2jcontributor", "pk": 2, "fields": {"name": "XZero"}}, {"model": "label.ld2jcontributor", "pk": 3, "fields": {"name": "Badjubu"}}, {"model": "label.ld2jcontributor", "pk": 4, "fields": {"name": "R.Y.G"}}, {"model": "label.ld2jcontributor", "pk": 5, "fields": {"name": "Brosko"}}, {"model": "label.ld2jcontributor", "pk": 6, "fields": {"name": "Tonton LMG"}}, {"model": "label.ld2jcontributor", "pk": 7, "fields": {"name": "Youken"}}, {"model": "label.ld2jmusic", "pk": 1, "fields": {"name": "Cochi du Réseau", "contributors": []}}, {"model": "label.ld2jmusic", "pk": 2, "fields": {"name": "Montagne Russe", "contributors": []}}, {"model": "label.ld2jmusic", "pk": 3, "fields": {"name": "Bah Ouais", "contributors": []}}, {"model": "label.ld2jmusic", "pk": 4, "fields": {"name": "OP", "contributors": [1]}}, {"model": "label.ld2jmusic", "pk": 5, "fields": {"name": "C'est Pas Fini", "contributors": []}}, {"model": "label.ld2jmusic", "pk": 6, "fields": {"name": "Violence", "contributors": [2]}}, {"model": "label.ld2jmusic", "pk": 7, "fields": {"name": "Secte", "contributors": []}}, {"model": "label.ld2jmusic", "pk": 8, "fields": {"name": "Danse", "contributors": []}}, {"model": "label.ld2jmusic", "pk": 9, "fields": {"name": "Dernière Heure", "contributors": []}}, {"model": "label.ld2jmusic", "pk": 10, "fields": {"name": "Montagne Russe Jersey", "contributors": []}}, {"model": "label.ld2jmusic", "pk": 11, "fields": {"name": "Intro", "contributors": []}}, {"model": "label.ld2jmusic", "pk": 12, "fields": {"name": "100% Lyrique", "contributors": []}}, {"model": "label.ld2jmusic", "pk": 13, "fields": {"name": "Flow Nocif", "contributors": []}}, {"model": "label.ld2jmusic", "pk": 14, "fields": {"name": "Gamos", "contributors": []}}, {"model": "label.ld2jmusic", "pk": 15, "fields": {"name": "Colis", "contributors": []}}, {"model": "label.ld2jmusic", "pk": 16, "fields": {"name": "Négrotrip", "contributors": [2, 5]}}, {"model": "label.ld2jmusic", "pk": 17, "fields": {"name": "Wakanda 4Ever", "contributors": [3, 4]}}, {"model": "label.ld2jmusic", "pk": 18, "fields": {"name": "Dégâts", "contributors": [7]}}, {"model": "label.ld2jmusic", "pk": 19, "fields": {"name": "A Peine Révolus", "contributors": []}}, {"model": "label.ld2jmusic", "pk": 20, "fields": {"name": "Tu m'entends pas", "contributors": []}}, {"model": "label.ld2jmusic", "pk": 21, "fields": {"name": "Roméo", "contributors": [2]}}, {"model": "label.ld2jmusic", "pk": 22, "fields": {"name": "Tommy", "contributors": [2]}}, {"model": "label.ld2jmusic", "pk": 23, "fields": {"name": "Mauvais Garçon", "contributors": []}}, {"model": "label.ld2jmusic", "pk": 24, "fields": {"name": "Je te dévoile", "contributors": []}}, {"model": "label.ld2jmusic", "pk": 25, "fields": {"name": "Friendzone", "contributors": []}}, {"model": "label.ld2jmusic", "pk": 26, "fields": {"name": "Je m'en vais", "contributors": [2]}}, {"model": "label.ld2jmusic", "pk": 27, "fields": {"name": "Tu vas me manquer", "contributors": []}}, {"model": "label.ld2jmusic", "pk": 28, "fields": {"name": "Mama Zua", "contributors": [6]}}, {"model": "label.ld2jmusic", "pk": 29, "fields": {"name": "Unis Devant Dieu", "contributors": []}}, {"model": "label.ld2jmusic", "pk": 30, "fields": {"name": "Et je le louerai", "contributors": []}}, {"model": "label.ld2jmusic", "pk": 31, "fields": {"name": "Flow Nocif Jersey", "contributors": []}}, {"model": "label.ld2jalbum", "pk": 1, "fields": {"name": "Montagne Russe", "released": "2019-06-27", "picture": "mrusse_WUYzIwb.jpg", "hyperfollowlink": "https://distrokid.com/hyperfollow/ld2j/ddwL", "contributors": [1, 2], "musics": [1, 2, 3, 4, 5, 6, 7, 8, 9, 10]}}, {"model": "label.ld2jalbum", "pk": 2, "fields": {"name": "Flow Nocif", "released": "2019-11-29", "picture": "flown.jpg", "hyperfollowlink": "https://distrokid.com/hyperfollow/ld2j/fkve", "contributors": [2, 3, 4, 5, 6, 7], "musics": [11, 12, 13, 14, 15, 16, 17, 18, 19, 20, 21, 22, 23, 24, 25, 26, 27, 28, 29, 30, 31]}}]